group,day,wafer,n_samples,n_features,duration_s
Day_2024_07_02_Wafer_01,2024_07_02,1,3245,44,691.4800000190735
Day_2024_07_02_Wafer_02,2024_07_02,2,3298,44,701.9699997901917
Day_2024_07_02_Wafer_03,2024_07_02,3,3247,44,691.4400000572205
Day_2024_07_02_Wafer_04,2024_07_02,4,3247,44,691.5
Day_2024_07_02_Wafer_05,2024_07_02,5,3298,44,701.9900000095367
Day_2024_07_02_Wafer_06,2024_07_02,6,3246,44,691.4000000953674
Day_2024_07_02_Wafer_07,2024_07_02,7,3247,44,691.7699999809265
Day_2024_07_02_Wafer_08,2024_07_02,8,3298,44,701.710000038147
Day_2024_07_02_Wafer_09,2024_07_02,9,3246,44,691.4399998188019
Day_2024_07_02_Wafer_10,2024_07_02,10,3247,44,694.2000000476837
Day_2024_07_05_Wafer_01,2024_07_05,1,3245,31,690.9500000476837
Day_2024_07_05_Wafer_02,2024_07_05,2,3247,31,691.4500000476837
Day_2024_07_05_Wafer_03,2024_07_05,3,3247,31,691.710000038147
Day_2024_07_05_Wafer_04,2024_07_05,4,3298,31,701.960000038147
Day_2024_07_05_Wafer_05,2024_07_05,5,3247,31,691.7200000286102
Day_2024_07_05_Wafer_06,2024_07_05,6,3247,31,691.4399998188019
Day_2024_07_05_Wafer_07,2024_07_05,7,3247,31,691.4800000190735
Day_2024_07_05_Wafer_08,2024_07_05,8,3299,31,701.960000038147
Day_2024_07_05_Wafer_09,2024_07_05,9,3246,31,691.4800000190735
Day_2024_07_05_Wafer_10,2024_07_05,10,3246,31,649.0
Day_2024_07_09_Wafer_01,2024_07_09,1,3247,31,691.7200000286102
Day_2024_07_09_Wafer_02,2024_07_09,2,3298,31,701.710000038147
Day_2024_07_09_Wafer_03,2024_07_09,3,3247,31,691.7200000286102
Day_2024_07_09_Wafer_04,2024_07_09,4,3247,31,691.4700000286102
Day_2024_07_09_Wafer_05,2024_07_09,5,3195,31,681.1800000667572
Day_2024_07_09_Wafer_06,2024_07_09,6,3246,31,691.5099999904633
Day_2024_07_09_Wafer_07,2024_07_09,7,3246,31,691.6499998569489
Day_2024_07_09_Wafer_08,2024_07_09,8,3247,31,691.420000076294
Day_2024_07_09_Wafer_09,2024_07_09,9,3247,31,691.2400000095367
Day_2024_07_09_Wafer_10,2024_07_09,10,3349,31,669.6099998950958
Day_2024_07_11_Wafer_01,2024_07_11,1,3247,31,690.7400000095367
Day_2024_07_11_Wafer_02,2024_07_11,2,3246,31,690.670000076294
Day_2024_07_11_Wafer_03,2024_07_11,3,3195,31,680.1299998760223
Day_2024_07_11_Wafer_04,2024_07_11,4,3247,31,690.75
Day_2024_07_11_Wafer_05,2024_07_11,5,3195,31,680.1800000667572
Day_2024_07_11_Wafer_06,2024_07_11,6,3247,31,690.420000076294
Day_2024_07_11_Wafer_07,2024_07_11,7,3299,31,701.0
Day_2024_07_11_Wafer_08,2024_07_11,8,3299,31,700.7699999809265
Day_2024_07_11_Wafer_09,2024_07_11,9,3351,31,711.4700000286102
Day_2024_07_11_Wafer_10,2024_07_11,10,3194,31,638.5999999046326
Day_2024_07_19_Wafer_01,2024_07_19,1,3196,31,680.1099998950958
Day_2024_07_19_Wafer_02,2024_07_19,2,3351,31,711.5300002098083
Day_2024_07_19_Wafer_03,2024_07_19,3,3247,31,690.4299998283386
Day_2024_07_19_Wafer_04,2024_07_19,4,3299,31,700.789999961853
Day_2024_07_19_Wafer_05,2024_07_19,5,3246,31,690.4100000858307
Day_2024_07_19_Wafer_06,2024_07_19,6,3247,31,690.7200000286102
Day_2024_07_19_Wafer_07,2024_07_19,7,3246,31,690.4500000476837
Day_2024_07_19_Wafer_08,2024_07_19,8,3247,31,690.710000038147
Day_2024_07_19_Wafer_09,2024_07_19,9,3195,31,679.9599997997284
Day_2024_07_19_Wafer_10,2024_07_19,10,3245,31,648.8000001907349
Day_2024_08_07_Wafer_01,2024_08_07,1,3299,31,701.2999999523163
Day_2024_08_07_Wafer_02,2024_08_07,2,3298,31,700.960000038147
Day_2024_08_07_Wafer_03,2024_08_07,3,3298,31,700.9400000572205
Day_2024_08_07_Wafer_04,2024_08_07,4,3247,31,690.7300000190735
Day_2024_08_07_Wafer_05,2024_08_07,5,3247,31,690.6799998283386
Day_2024_08_07_Wafer_06,2024_08_07,6,3246,31,690.7400000095367
Day_2024_08_07_Wafer_07,2024_08_07,7,3246,31,690.670000076294
Day_2024_08_07_Wafer_08,2024_08_07,8,3835,31,766.7999999523163
Day_2024_08_07_Wafer_09,2024_08_07,9,3246,31,690.6699998378754
Day_2024_08_07_Wafer_10,2024_08_07,10,3246,31,649.0
Day_2024_08_22_Wafer_01,2024_08_22,1,3194,31,638.5999999046326
Day_2024_08_22_Wafer_02,2024_08_22,2,3298,31,659.4099998474121
Day_2024_08_22_Wafer_03,2024_08_22,3,3245,31,648.7999999523163
Day_2024_08_22_Wafer_04,2024_08_22,4,3246,31,649.0
Day_2024_08_22_Wafer_05,2024_08_22,5,3297,31,659.2000000476837
Day_2024_08_22_Wafer_06,2024_08_22,6,3298,31,659.4000000953674
Day_2024_08_22_Wafer_07,2024_08_22,7,3299,31,659.6000001430511
Day_2024_08_22_Wafer_08,2024_08_22,8,3193,31,638.4000000953674
Day_2024_08_22_Wafer_09,2024_08_22,9,3246,31,649.0
Day_2024_08_22_Wafer_10,2024_08_22,10,3246,31,649.0
Day_2024_08_01_Wafer_01,2024_08_01,1,3299,31,701.0199999809265
Day_2024_08_01_Wafer_02,2024_08_01,2,3246,31,690.6800000667572
Day_2024_08_01_Wafer_03,2024_08_01,3,3247,31,690.420000076294
Day_2024_08_01_Wafer_04,2024_08_01,4,3247,31,690.4900000095367
Day_2024_08_01_Wafer_05,2024_08_01,5,3246,31,689.9099998474121
Day_2024_08_01_Wafer_06,2024_08_01,6,3297,31,700.5299999713898
Day_2024_08_01_Wafer_07,2024_08_01,7,3298,31,700.9900000095367
Day_2024_08_01_Wafer_08,2024_08_01,8,3246,31,690.1600000858307
Day_2024_08_01_Wafer_09,2024_08_01,9,3245,31,689.9700000286102
Day_2024_08_01_Wafer_10,2024_08_01,10,3245,31,648.7999999523163
Day_2024_08_21_Wafer_01,2024_08_21,1,3245,31,648.7999999523163
Day_2024_08_21_Wafer_02,2024_08_21,2,3245,31,648.7999999523163
Day_2024_08_21_Wafer_03,2024_08_21,3,3246,31,649.0
Day_2024_08_21_Wafer_04,2024_08_21,4,3246,31,649.0
Day_2024_08_21_Wafer_05,2024_08_21,5,3246,31,649.0
Day_2024_08_21_Wafer_06,2024_08_21,6,3298,31,659.4000000953674
Day_2024_08_21_Wafer_07,2024_08_21,7,3246,31,649.0
Day_2024_08_21_Wafer_08,2024_08_21,8,3245,31,648.7999999523163
Day_2024_08_21_Wafer_09,2024_08_21,9,3193,31,638.3999998569489
Day_2024_08_21_Wafer_10,2024_08_21,10,3245,31,648.8000001907349
Day_2024_08_05_Wafer_01,2024_08_05,1,3245,31,690.4300000667572
Day_2024_08_05_Wafer_02,2024_08_05,2,3247,31,690.460000038147
Day_2024_08_05_Wafer_03,2024_08_05,3,3299,31,701.0
Day_2024_08_05_Wafer_04,2024_08_05,4,3247,31,690.4299998283386
Day_2024_08_05_Wafer_05,2024_08_05,5,3247,31,690.7200000286102
Day_2024_08_05_Wafer_06,2024_08_05,6,3247,31,690.2000000476837
